<?xml version="1.0" encoding="UTF-8"?>
<!--Autogenerated by Cloudera Manager-->
<configuration>
  <property>
    <name>dfs.nameservices</name>
    <value>devqaha</value>
  </property>
  <property>
    <name>dfs.client.failover.proxy.provider.devqaha</name>
    <value>org.apache.hadoop.hdfs.server.namenode.ha.ConfiguredFailoverProxyProvider</value>
  </property>
  <property>
    <name>dfs.ha.automatic-failover.enabled.devqaha</name>
    <value>true</value>
  </property>
  <property>
    <name>ha.zookeeper.quorum</name>
    <value>test.nonprod.scn:3131,test.nonprod.scn:3131</value>
  </property>
  <property>
    <name>dfs.ha.namenodes.devqaha</name>
    <value>namenode354,namenode411</value>
  </property>
  <property>
    <name>dfs.namenode.rpc-address.devqaha.namenode354</name>
    <value>nn01.nonprod.scn:8020</value>
  </property>
  <property>
    <name>dfs.namenode.servicerpc-address.devqaha.namenode354</name>
    <value>nn01.nonprod.scn:8022</value>
  </property>
  <property>
    <name>dfs.namenode.http-address.devqaha.namenode354</name>
    <value>nn01.nonprod.scn:50070</value>
  </property>
  <property>
    <name>dfs.namenode.https-address.devqaha.namenode354</name>
    <value>nn01.nonprod.scn:50470</value>
  </property>
  <property>
    <name>dfs.namenode.rpc-address.devqaha.namenode411</name>
    <value>sn01.nonprod.scn:8020</value>
  </property>
  <property>
    <name>dfs.namenode.servicerpc-address.devqaha.namenode411</name>
    <value>sn01.nonprod.scn:8022</value>
  </property>
  <property>
    <name>dfs.namenode.http-address.devqaha.namenode411</name>
    <value>sn01.nonprod.scn:50070</value>
  </property>
  <property>
    <name>dfs.namenode.https-address.devqaha.namenode411</name>
    <value>sn01.nonprod.scn:50470</value>
  </property>
  <property>
    <name>dfs.replication</name>
    <value>3</value>
  </property>
  <property>
    <name>dfs.blocksize</name>
    <value>134217728</value>
  </property>
  <property>
    <name>dfs.client.use.datanode.hostname</name>
    <value>false</value>
  </property>
  <property>
    <name>fs.permissions.umask-mode</name>
    <value>022</value>
  </property>
  <property>
    <name>dfs.namenode.acls.enabled</name>
    <value>true</value>
  </property>
  <property>
    <name>dfs.client.use.legacy.blockreader</name>
    <value>false</value>
  </property>
  <property>
    <name>dfs.client.read.shortcircuit</name>
    <value>false</value>
  </property>
  <property>
    <name>dfs.domain.socket.path</name>
    <value>/var/run/hdfs-sockets/dn</value>
  </property>
  <property>
    <name>dfs.client.read.shortcircuit.skip.checksum</name>
    <value>false</value>
  </property>
  <property>
    <name>dfs.client.domain.socket.data.traffic</name>
    <value>false</value>
  </property>
  <property>
    <name>dfs.datanode.hdfs-blocks-metadata.enabled</name>
    <value>true</value>
  </property>
  <property>
    <name>dfs.block.access.token.enable</name>
    <value>true</value>
  </property>
  <property>
    <name>dfs.namenode.kerberos.principal</name>
    <value>hdfs/_HOST@test.COM</value>
  </property>
  <property>
    <name>dfs.namenode.kerberos.internal.spnego.principal</name>
    <value>HTTP/_HOST@test.COM</value>
  </property>
  <property>
    <name>dfs.datanode.kerberos.principal</name>
    <value>hdfs/_HOST@test.COM</value>
  </property>
  <property>
    <name>dfs.nfs.kerberos.principal</name>
    <value>hdfs/_HOST@test.COM</value>
  </property>
</configuration>
